exec_model,kv_dtype_bytes,top_k,kv_rank_scale,hidden_scale,cache_len,ai_hbm,ai_total,t_est_ms,mfu_est,regime
naive,1,2,0.5,0.75,2048,14.840178439721367,14.831205093306705,3.3820387297810917,0.03599436913120897,hbm-bound
naive,1,2,0.5,0.75,4096,17.108518281968028,17.098508387565627,3.4953067831144256,0.041496153488350944,hbm-bound
naive,1,2,0.5,0.75,8192,21.230999228086073,21.219333005396184,3.721842889781092,0.051495096662361364,hbm-bound
naive,1,2,0.5,0.75,16384,28.133815337317717,28.120032940602282,4.174915103114426,0.06823765215721325,hbm-bound
naive,1,2,0.5,1.0,2048,15.229678920445084,15.222497667041385,5.783369907758979,0.03693908985251965,hbm-bound
naive,1,2,0.5,1.0,4096,17.834290495797383,17.826042550318654,5.896637961092312,0.04325649033846763,hbm-bound
naive,1,2,0.5,1.0,8192,22.754428985933842,22.744294746149848,6.1231740677589785,0.05519012588806592,hbm-bound
naive,1,2,0.5,1.0,16384,31.577783268812414,31.564687869776574,6.5762462810923115,0.07659088412849903,hbm-bound
naive,1,2,0.5,1.25,2048,15.445423994307388,15.439467988664308,8.84061647754007,0.03746237249756213,hbm-bound
naive,1,2,0.5,1.25,4096,18.231195481373582,18.224254136966646,8.953884530873403,0.044219170444968765,hbm-bound
naive,1,2,0.5,1.25,8192,23.596513321061988,23.58775079606548,9.18042063754007,0.05723257399752276,hbm-bound
naive,1,2,0.5,1.25,16384,33.57014119449725,33.558261070089095,9.633492850873404,0.08142328334188317,hbm-bound
naive,1,2,1.0,0.75,2048,15.568041395251285,15.559852039735748,3.887875129781092,0.037759777007178454,hbm-bound
naive,1,2,1.0,0.75,4096,18.05891529780281,18.049820671561896,4.061108623114426,0.04380131047471121,hbm-bound
naive,1,2,1.0,0.75,8192,22.453261557302064,22.442842350509697,4.407575609781093,0.054459654105634116,hbm-bound
naive,1,2,1.0,0.75,16384,29.450961373996122,29.43915087406412,5.100509583114425,0.07143234694046559,hbm-bound
naive,1,2,1.0,1.0,2048,15.073313473356352,15.066278890946679,5.8433646277589775,0.03655983055690273,hbm-bound
naive,1,2,1.0,1.0,4096,17.478706775844035,17.470784376928247,6.016598121092311,0.04239403361498301,hbm-bound
naive,1,2,1.0,1.0,8192,21.89657454918044,21.887189880489572,6.363065107758978,0.0531094279110996,hbm-bound
naive,1,2,1.0,1.0,16384,29.43074076400236,29.419365274614734,7.055999081092311,0.07138330250996025,hbm-bound
naive,1,2,1.0,1.25,2048,15.341313853188556,15.335437854776854,8.900611197540071,0.03720985674345885,hbm-bound
naive,1,2,1.0,1.25,4096,17.99017117453961,17.983412118067207,9.073844690873402,0.0436345738442598,hbm-bound
naive,1,2,1.0,1.25,8192,22.99562108790378,22.98729908248884,9.42031167754007,0.055775129470408365,hbm-bound
naive,1,2,1.0,1.25,16384,31.97763866954726,31.966858769709784,10.113245650873404,0.0775607203708069,hbm-bound
naive,1,2,1.5,0.75,2048,16.778343553675466,16.771252401656515,4.839553209781092,0.04069532544600416,hbm-bound
naive,1,2,1.5,0.75,4096,19.795686263975004,19.787704326171216,5.072752143114426,0.048013791847943424,hbm-bound
naive,1,2,1.5,0.75,8192,25.0681885695108,25.058931447426286,5.539150009781093,0.060802074347474394,hbm-bound
naive,1,2,1.5,0.75,16384,33.33343010013949,33.322894375321475,6.471945743114426,0.08084914829745807,hbm-bound
naive,1,2,1.5,1.0,2048,16.30549494470437,16.299224808636545,7.0922704944256445,0.03954844655612986,hbm-bound
naive,1,2,1.5,1.0,4096,19.284526875235404,19.277347161726674,7.325469427758978,0.046773991410373895,hbm-bound
naive,1,2,1.5,1.0,8192,24.70764291777178,24.698994572218012,7.791867294425645,0.059927582620164,hbm-bound
naive,1,2,1.5,1.0,16384,33.81444065801499,33.80386973125578,8.724663027758979,0.08201582372838401,hbm-bound
naive,1,2,1.5,1.25,2048,15.847051243794008,15.841483683687578,9.703675384206736,0.03843650630126895,hbm-bound
naive,1,2,1.5,1.25,4096,18.698654559682915,18.692239261396956,9.93687431754007,0.04535297720387972,hbm-bound
naive,1,2,1.5,1.25,8192,24.018333293826007,24.010462185698852,10.403272184206736,0.05825568459341325,hbm-bound
naive,1,2,1.5,1.25,16384,33.34449107188234,33.33446256358882,11.33606791754007,0.08087597632391877,hbm-bound
naive,1,4,0.5,0.75,2048,17.539974998000865,17.518934854530265,3.4075761229313155,0.04254263769095713,hbm-bound
naive,1,4,0.5,0.75,4096,19.705007744365762,19.68213007081939,3.5208441762646485,0.047793854054045314,hbm-bound
naive,1,4,0.5,0.75,8192,23.642432470370096,23.616640951105342,3.747380282931315,0.05734394939756264,hbm-bound
naive,1,4,0.5,0.75,16384,30.243177951177618,30.213740853560555,4.200452496264648,0.07335384242832368,hbm-bound
naive,1,4,0.5,1.0,2048,18.038091338865275,18.02121550420062,5.82698795780382,0.04375080264100723,hbm-bound
naive,1,4,0.5,1.0,4096,20.570027345214605,20.551149333343055,5.940256011137153,0.04989193090299651,hbm-bound
naive,1,4,0.5,1.0,8192,25.35486858425466,25.332453351891143,6.166792117803819,0.06149740737969801,hbm-bound
naive,1,4,0.5,1.0,16384,33.94210859727231,33.91415374523373,6.619864331137153,0.08232547815407129,hbm-bound
naive,1,4,0.5,1.25,2048,18.317375918279975,18.303359732748604,8.907099280735137,0.04442819828587361,hbm-bound
naive,1,4,0.5,1.25,4096,21.046552559226292,21.030650118337284,9.020367334068471,0.05104772727856806,hbm-bound
naive,1,4,0.5,1.25,8192,26.304322893127278,26.284934318222525,9.246903440735137,0.06380027786104646,hbm-bound
naive,1,4,0.5,1.25,16384,36.083114399694075,36.05775941178823,9.69997565406847,0.08751841794771681,hbm-bound
naive,1,4,1.0,0.75,2048,17.91412030017425,17.895406047354868,3.9134125229313153,0.043450114927153304,hbm-bound
naive,1,4,1.0,0.75,4096,20.28997815567843,20.26967953970032,4.086646016264648,0.049212680721200844,hbm-bound
naive,1,4,1.0,0.75,8192,24.484643113818166,24.462060677048925,4.433113002931314,0.0593867038637328,hbm-bound
naive,1,4,1.0,0.75,16384,31.17288101726326,31.148013390721502,5.126046976264648,0.07560880691402913,hbm-bound
naive,1,4,1.0,1.0,2048,17.85426368071878,17.83772990173248,5.88698267780382,0.04330493464752407,hbm-bound
naive,1,4,1.0,1.0,4096,20.162849828463862,20.144711459264986,6.060216171137153,0.0489043351069361,hbm-bound
naive,1,4,1.0,1.0,8192,24.405484067504936,24.38471534679992,6.40668315780382,0.05919470617686897,hbm-bound
naive,1,4,1.0,1.0,16384,31.6484889081163,31.62418312100159,7.099617131137153,0.07676237835217699,hbm-bound
naive,1,4,1.0,1.25,2048,18.19482274338721,18.180993411404035,8.967094000735136,0.044130949554451036,hbm-bound
naive,1,4,1.0,1.25,4096,20.77033184239841,20.754843924757182,9.14032749406847,0.05037776293254793,hbm-bound
naive,1,4,1.0,1.25,8192,25.639169728046895,25.620748963805905,9.486794480735137,0.062186970537961135,hbm-bound
naive,1,4,1.0,1.25,16384,34.38258031923391,34.35955812614455,10.179728454068469,0.08339382795973864,hbm-bound
naive,1,4,1.5,0.75,2048,18.659144416612545,18.64346166777326,4.865090602931315,0.04525714663958576,hbm-bound
naive,1,4,1.5,0.75,4096,21.575344220366013,21.558039231356272,5.098289536264649,0.052330294218169204,hbm-bound
naive,1,4,1.5,0.75,8192,26.67449004265876,26.65488703817579,5.564687402931315,0.06469810621766652,hbm-bound
naive,1,4,1.5,0.75,16384,34.67664141249768,34.654813863327476,6.497483136264648,0.08410706355734657,hbm-bound
naive,1,4,1.5,1.0,2048,18.59219830950683,18.577992171816664,7.135888544470487,0.04509477103872298,hbm-bound
naive,1,4,1.5,1.0,4096,21.48123316084042,21.46533857071494,7.36908747780382,0.052102030910578086,hbm-bound
naive,1,4,1.5,1.0,8192,26.743403860899484,26.724792687964833,7.835485344470486,0.06486525443775519,hbm-bound
naive,1,4,1.5,1.0,16384,35.58832930701301,35.56619590076407,8.76828107780382,0.08631833283156264,hbm-bound
naive,1,4,1.5,1.25,2048,18.462572827046117,18.449692619683393,9.770158187401803,0.04478036865579654,hbm-bound
naive,1,4,1.5,1.25,4096,21.234251032223128,21.219782300439594,10.003357120735137,0.05150298380731229,hbm-bound
naive,1,4,1.5,1.25,8192,26.407196252381237,26.39000378340537,10.469754987401805,0.06404979384104593,hbm-bound
naive,1,4,1.5,1.25,16384,35.48355463404432,35.46234170141187,11.402550720735137,0.08606420527711608,hbm-bound
naive,1,8,0.5,0.75,2048,23.104913884755955,23.04968525583669,3.4159955719234945,0.05604021558707861,hbm-bound
naive,1,8,0.5,0.75,4096,25.086180767682713,25.028136281328337,3.5292636252568275,0.060845713837734725,hbm-bound
naive,1,8,0.5,0.75,8192,28.69020621203744,28.62781802253679,3.7557997319234944,0.06958716008983312,hbm-bound
naive,1,8,0.5,0.75,16384,34.73437009761038,34.66695354709627,4.208871945256828,0.08424708260158152,hbm-bound
naive,1,8,0.5,1.0,2048,23.83626882525364,23.79179655923987,5.838392347123249,0.057814093158775885,hbm-bound
naive,1,8,0.5,1.0,4096,26.25300614508852,26.204955349868637,5.951660400456583,0.0636758107612051,hbm-bound
naive,1,8,0.5,1.0,8192,30.82063705707487,30.766290914648692,6.178196507123249,0.07475445066900423,hbm-bound
naive,1,8,0.5,1.0,16384,39.01966779124146,38.95555744917562,6.631268720456583,0.09464093249012583,hbm-bound
naive,1,8,0.5,1.25,2048,24.25242729146949,24.215400566564053,8.921577839046744,0.058823471955054864,hbm-bound
naive,1,8,0.5,1.25,4096,26.90282381075226,26.862264815494125,9.034845892380078,0.0652519223302733,hbm-bound
naive,1,8,0.5,1.25,8192,32.009128432147556,31.962049767413497,9.261381999046744,0.0776370977636727,hbm-bound
naive,1,8,0.5,1.25,16384,41.50727919290995,41.44907399933883,9.714454212380078,0.1006745528680989,hbm-bound
naive,1,8,1.0,0.75,2048,22.7604922594938,22.71308948185918,3.9218319719234946,0.055204832160470056,hbm-bound
naive,1,8,1.0,0.75,4096,24.92644935374634,24.876727311521808,4.095065465256828,0.06045829049923315,hbm-bound
naive,1,8,1.0,0.75,8192,28.751489415482414,28.698602957979393,4.441532451923494,0.06973580050243335,hbm-bound
naive,1,8,1.0,0.75,16384,34.8529177481278,34.797446413152706,5.134466425256828,0.08453461606418063,hbm-bound
naive,1,8,1.0,1.0,2048,23.593821142905576,23.550248137426543,5.89838706712325,0.05722604420714844,hbm-bound
naive,1,8,1.0,1.0,4096,25.734311871247243,25.68813937826574,6.071620560456583,0.062417734705400074,hbm-bound
naive,1,8,1.0,1.0,8192,29.66864362869008,29.61828087033203,6.41808754712325,0.0719603281544782,hbm-bound
naive,1,8,1.0,1.0,16384,36.38716347043947,36.33140568628603,7.111021520456583,0.08825587905917606,hbm-bound
naive,1,8,1.0,1.25,2048,24.090426976368047,24.05389288581387,8.981572559046743,0.05843054547072594,hbm-bound
naive,1,8,1.0,1.25,4096,26.5503021920173,26.510798383290354,9.154806052380078,0.0643968926334932,hbm-bound
naive,1,8,1.0,1.25,8192,31.200952193287264,31.1562191688108,9.501273039046744,0.07567689263657346,hbm-bound
naive,1,8,1.0,1.25,16384,39.55389200065486,39.501032833791655,10.194207012380076,0.09593667589850598,hbm-bound
naive,1,8,1.5,0.75,2048,22.557850606383813,22.520028680915658,4.873510051923494,0.05471333143539277,hbm-bound
naive,1,8,1.5,0.75,4096,25.291207228152736,25.250735710711773,5.1067089852568275,0.061342998835337614,hbm-bound
naive,1,8,1.5,0.75,8192,30.07167935101716,30.027579257183135,5.573106851923494,0.07293787816315432,hbm-bound
naive,1,8,1.5,0.75,16384,37.57639668229821,37.52918188795411,6.505902585256828,0.091140325454791,hbm-bound
naive,1,8,1.5,1.0,2048,23.327657752083134,23.292092800028215,7.147292933789917,0.05658047357756394,hbm-bound
naive,1,8,1.5,1.0,4096,26.06260371753637,26.0241227404776,7.38049186712325,0.06321399587881484,hbm-bound
naive,1,8,1.5,1.0,8192,31.04482231276061,31.001705828693137,7.846889733789915,0.07529820469997521,hbm-bound
naive,1,8,1.5,1.0,16384,39.42125537747065,39.37231500261546,8.77968546712325,0.09561497009189447,hbm-bound
naive,1,8,1.5,1.25,2048,23.87390509606852,23.840666780900527,9.78463674571341,0.057905378706987816,hbm-bound
naive,1,8,1.5,1.25,4096,26.515610434922092,26.479552400671786,10.017835679046744,0.0643127489073401,hbm-bound
naive,1,8,1.5,1.25,8192,31.44646723378885,31.405603714127768,10.48423354571341,0.07627238136543026,hbm-bound
naive,1,8,1.5,1.25,16384,40.09959616262733,40.05174047184589,11.417029279046744,0.09726026355766103,hbm-bound
naive,2,2,0.5,0.75,2048,14.581513797662835,14.572850445045919,3.442033449781092,0.03536698647235048,hbm-bound
naive,2,2,0.5,0.75,4096,16.540831131126605,16.531474321643877,3.6152669431144253,0.04011924680616862,hbm-bound
naive,2,2,0.5,0.75,8192,19.94541908178226,19.935122568707932,3.961733929781092,0.048376963917410226,hbm-bound
naive,2,2,0.5,0.75,16384,25.234086084081383,25.222997794201053,4.654667903114426,0.06120445336209734,hbm-bound
naive,2,2,0.5,1.0,2048,15.073313473356352,15.066278890946679,5.8433646277589775,0.03655983055690273,hbm-bound
naive,2,2,0.5,1.0,4096,17.478706775844035,17.470784376928247,6.016598121092311,0.04239403361498301,hbm-bound
naive,2,2,0.5,1.0,8192,21.89657454918044,21.887189880489572,6.363065107758978,0.0531094279110996,hbm-bound
naive,2,2,0.5,1.0,16384,29.43074076400236,29.419365274614734,7.055999081092311,0.07138330250996025,hbm-bound
naive,2,2,0.5,1.25,2048,15.341313853188556,15.335437854776854,8.900611197540071,0.03720985674345885,hbm-bound
naive,2,2,0.5,1.25,4096,17.99017117453961,17.983412118067207,9.073844690873402,0.0436345738442598,hbm-bound
naive,2,2,0.5,1.25,8192,22.99562108790378,22.98729908248884,9.42031167754007,0.055775129470408365,hbm-bound
naive,2,2,0.5,1.25,16384,31.97763866954726,31.966858769709784,10.113245650873404,0.0775607203708069,hbm-bound
naive,2,2,1.0,0.75,2048,15.10195764007713,15.094251176949308,4.007864569781092,0.03662930604970703,hbm-bound
naive,2,2,1.0,0.75,4096,17.051551526387595,17.04344300740743,4.301028943114425,0.04135798247936354,hbm-bound
naive,2,2,1.0,0.75,8192,20.249070005030198,20.240595667953095,4.8873576897810915,0.04911345933509093,hbm-bound
naive,2,2,1.0,0.75,16384,24.787876957562343,24.779509845815134,6.060015183114426,0.060122187668670654,hbm-bound
naive,2,2,1.0,1.0,2048,14.770021329025877,14.763266922704723,5.963354067758978,0.035824205345792934,hbm-bound
naive,2,2,1.0,1.0,4096,16.808446316719657,16.8011197450082,6.256518441092312,0.04076833871665202,hbm-bound
naive,2,2,1.0,1.0,8192,20.36130950616237,20.353194459021502,6.842847187758979,0.0493856925869527,hbm-bound
naive,2,2,1.0,1.0,16384,25.907698647662368,25.898883177674808,8.015504681092311,0.0628382786805353,hbm-bound
naive,2,2,1.0,1.25,2048,15.13724810057695,15.131527355034038,9.020600637540069,0.03671490191145497,hbm-bound
naive,2,2,1.0,1.25,4096,17.52674874333039,17.52033336299479,9.313765010873404,0.042510557841326874,hbm-bound
naive,2,2,1.0,1.25,8192,21.88119862013235,21.873663545820566,9.900093757540072,0.05307213409632909,hbm-bound
naive,2,2,1.0,1.25,16384,29.20662695953644,29.197634107705415,11.072751250873404,0.0708397217815942,hbm-bound
naive,2,2,1.5,0.75,2048,16.176727140003585,16.170135301907234,5.0195373697810926,0.0392361244426565,hbm-bound
naive,2,2,1.5,0.75,4096,18.484336579791016,18.47737694338274,5.432632623114425,0.04483315592875032,hbm-bound
naive,2,2,1.5,0.75,8192,22.185713524845465,22.178462567867797,6.258823129781092,0.05381072507289451,hbm-bound
naive,2,2,1.5,0.75,16384,27.269192797630442,27.26214142046319,7.911204143114425,0.06614053836716834,hbm-bound
naive,2,2,1.5,1.0,2048,15.90194323337632,15.895979564469465,7.272254654425645,0.038569645032949136,hbm-bound
naive,2,2,1.5,1.0,4096,18.381493848537946,18.374970684255388,7.685349907758979,0.04458371423596875,hbm-bound
naive,2,2,1.5,1.0,8192,22.61854674942813,22.611298841781302,8.511540414425644,0.054860547952124826,hbm-bound
naive,2,2,1.5,1.0,16384,29.026159077499045,29.0183696235197,10.163921427758979,0.0704020028155611,hbm-bound
naive,2,2,1.5,1.25,2048,15.558472079989945,15.553105412870059,9.883659544206736,0.03773656694489729,hbm-bound
naive,2,2,1.5,1.25,4096,18.045120420955968,18.03914565477471,10.296754797540071,0.043767851450524836,hbm-bound
naive,2,2,1.5,1.25,8192,22.46430705472994,22.457421397393777,11.122945304206736,0.05448644459964816,hbm-bound
naive,2,2,1.5,1.25,16384,29.58792645066861,29.580029999978862,12.77532631754007,0.07176455126993903,hbm-bound
naive,2,4,0.5,0.75,2048,17.23650437361342,17.216185568805077,3.4675708429313157,0.041806579582286216,hbm-bound
naive,2,4,0.5,0.75,4096,19.05575124401767,19.034355499561165,3.6408043362646487,0.04621910357316059,hbm-bound
naive,2,4,0.5,0.75,8192,22.2200041342725,22.197221214195746,3.9872713229313153,0.053893895828452755,hbm-bound
naive,2,4,0.5,0.75,16384,27.143046998683758,27.119333225075252,4.680205296264648,0.06583457584319458,hbm-bound
naive,2,4,0.5,1.0,2048,17.85426368071878,17.83772990173248,5.88698267780382,0.04330493464752407,hbm-bound
naive,2,4,0.5,1.0,4096,20.162849828463862,20.144711459264986,6.060216171137153,0.0489043351069361,hbm-bound
naive,2,4,0.5,1.0,8192,24.405484067504936,24.38471534679992,6.40668315780382,0.05919470617686897,hbm-bound
naive,2,4,0.5,1.0,16384,31.6484889081163,31.62418312100159,7.099617131137153,0.07676237835217699,hbm-bound
naive,2,4,0.5,1.25,2048,18.19482274338721,18.180993411404035,8.967094000735136,0.044130949554451036,hbm-bound
naive,2,4,0.5,1.25,4096,20.77033184239841,20.754843924757182,9.14032749406847,0.05037776293254793,hbm-bound
naive,2,4,0.5,1.25,8192,25.639169728046895,25.620748963805905,9.486794480735137,0.062186970537961135,hbm-bound
naive,2,4,0.5,1.25,16384,34.38258031923391,34.35955812614455,10.179728454068469,0.08339382795973864,hbm-bound
naive,2,4,1.0,0.75,2048,17.381194179082076,17.363576275067732,4.033401962931316,0.04215751998968872,hbm-bound
naive,2,4,1.0,0.75,4096,19.16484157540675,19.146730767287682,4.326566336264649,0.04648369861644892,hbm-bound
naive,2,4,1.0,0.75,8192,22.093528953448953,22.07514018914679,4.912895082931315,0.05358713439947194,hbm-bound
naive,2,4,1.0,0.75,16384,26.25787066621358,26.24022434864479,6.085552576264648,0.0636876094986484,hbm-bound
naive,2,4,1.0,1.0,2048,17.497624252626174,17.48174410830381,6.00697211780382,0.04243991733835555,hbm-bound
naive,2,4,1.0,1.0,4096,19.395012910999895,19.378229144421606,6.300136491137153,0.047041971689135674,hbm-bound
naive,2,4,1.0,1.0,8192,22.70514673841553,22.687170067452715,6.88646523780382,0.05507059340292802,hbm-bound
naive,2,4,1.0,1.0,16384,27.880473039397714,27.861608607986675,8.059122731137153,0.06762317867059577,hbm-bound
naive,2,4,1.0,1.25,2048,17.95457111522546,17.94110445278644,9.087083440735137,0.04354822706067822,hbm-bound
naive,2,4,1.0,1.25,4096,20.239085252659002,20.22437919708757,9.38024781406847,0.049089241643639814,hbm-bound
naive,2,4,1.0,1.25,8192,24.404923032942186,24.388232521875373,9.966576560735136,0.059193345405822384,hbm-bound
naive,2,4,1.0,1.25,16384,31.420951341996876,31.40172337051105,11.13923405406847,0.07621049340150834,hbm-bound
naive,2,4,1.5,0.75,2048,17.99347530526098,17.97889113043089,5.045074762931315,0.04364258790563552,hbm-bound
naive,2,4,1.5,0.75,4096,20.152789552583002,20.13769051839258,5.458170016264648,0.04887993423567377,hbm-bound
naive,2,4,1.5,0.75,8192,23.619777728914094,23.604406147395558,6.284360522931315,0.057289001060529386,hbm-bound
naive,2,4,1.5,0.75,16384,28.388336922716576,28.37370638128333,7.936741536264648,0.06885498596717513,hbm-bound
naive,2,4,1.5,1.0,2048,18.134795436265858,18.121279441353803,7.315872704470486,0.0439853552774513,hbm-bound
naive,2,4,1.5,1.0,4096,20.481012103757422,20.46656274059244,7.728967957803819,0.0496760273360463,hbm-bound
naive,2,4,1.5,1.0,8192,24.493707496311476,24.478094909780996,8.555158464470487,0.05940868922804198,hbm-bound
naive,2,4,1.5,1.0,16384,30.57039114390684,30.554057874295516,10.20753947780382,0.07414748736268459,hbm-bound
naive,2,4,1.5,1.25,2048,18.128610704124082,18.116192095552357,9.950142347401805,0.043970354411215565,hbm-bound
naive,2,4,1.5,1.25,4096,20.496856720876366,20.483375122709877,10.363237600735136,0.04971445793845708,hbm-bound
naive,2,4,1.5,1.25,8192,24.70875830407966,24.69370562884581,11.189428107401804,0.05993028795330083,hbm-bound
naive,2,4,1.5,1.25,16384,31.506700314784382,31.48997472592138,12.841809120735137,0.07641847474025519,hbm-bound
naive,2,8,0.5,0.75,2048,22.706128870206047,22.652788052618046,3.4759902919234946,0.05507297553157606,hbm-bound
naive,2,8,0.5,0.75,4096,24.261528064596064,24.207232892637194,3.6492237852568277,0.058845545583658974,hbm-bound
naive,2,8,0.5,0.75,8192,26.967719713737445,26.912590703266854,3.995690771923494,0.06540932522786241,hbm-bound
naive,2,8,0.5,0.75,16384,31.180255145795858,31.125918445530466,4.688624745256828,0.07562669262244574,hbm-bound
naive,2,8,0.5,1.0,2048,23.593821142905576,23.550248137426543,5.89838706712325,0.05722604420714844,hbm-bound
naive,2,8,0.5,1.0,4096,25.734311871247243,25.68813937826574,6.071620560456583,0.062417734705400074,hbm-bound
naive,2,8,0.5,1.0,8192,29.66864362869008,29.61828087033203,6.41808754712325,0.0719603281544782,hbm-bound
naive,2,8,0.5,1.0,16384,36.38716347043947,36.33140568628603,7.111021520456583,0.08825587905917606,hbm-bound
naive,2,8,0.5,1.25,2048,24.090426976368047,24.05389288581387,8.981572559046743,0.05843054547072594,hbm-bound
naive,2,8,0.5,1.25,4096,26.5503021920173,26.510798383290354,9.154806052380078,0.0643968926334932,hbm-bound
naive,2,8,0.5,1.25,8192,31.200952193287264,31.1562191688108,9.501273039046744,0.07567689263657346,hbm-bound
naive,2,8,0.5,1.25,16384,39.55389200065486,39.501032833791655,10.194207012380076,0.09593667589850598,hbm-bound
naive,2,8,1.0,0.75,2048,22.084802157926124,22.040169333759803,4.041821411923495,0.05356596784135694,hbm-bound
naive,2,8,1.0,0.75,4096,23.546891956867746,23.5025164579303,4.334985785256828,0.057112218995939955,hbm-bound
naive,2,8,1.0,0.75,8192,25.948488447879846,25.905403477416954,4.921314531923494,0.06293721301153272,hbm-bound
naive,2,8,1.0,0.75,16384,29.365270345568774,29.325882049963077,6.093972025256828,0.07122450614387575,hbm-bound
naive,2,8,1.0,1.0,2048,23.123426945559054,23.08157252460298,6.018376507123249,0.05608511841267482,hbm-bound
naive,2,8,1.0,1.0,4096,24.756074629966346,24.713342809808996,6.311540880456582,0.060045052159594985,hbm-bound
naive,2,8,1.0,1.0,8192,27.605037860471445,27.56143227731275,6.897869627123249,0.06695511962115358,hbm-bound
naive,2,8,1.0,1.0,16384,32.061090762065135,32.01779505693662,8.070527120456584,0.07776313070132018,hbm-bound
naive,2,8,1.0,1.25,2048,23.772833486090438,23.73725562085024,9.101561999046744,0.05766023281113396,hbm-bound
naive,2,8,1.0,1.25,4096,25.87226679795486,25.834753478345437,9.394726372380077,0.06275233988387233,hbm-bound
naive,2,8,1.0,1.25,8192,29.70114505238595,29.660606439585976,9.981055119046744,0.07203915929835905,hbm-bound
naive,2,8,1.0,1.25,16384,36.15124194184857,36.10708100876675,11.153712612380076,0.0876836590807848,hbm-bound
naive,2,8,1.5,0.75,2048,21.75443506408123,21.719257176511867,5.0534942119234945,0.05276467322263259,hbm-bound
naive,2,8,1.5,0.75,4096,23.626218142198123,23.590896202804046,5.466589465256828,0.05730462207304244,hbm-bound
naive,2,8,1.5,0.75,8192,26.632534903134786,26.597939212595968,6.292779971923494,0.0645963453941622,hbm-bound
naive,2,8,1.5,0.75,16384,30.769467953341607,30.737802429654742,7.945160985256827,0.0746303416756138,hbm-bound
naive,2,8,1.5,1.0,2048,22.75464695536649,22.720806482323976,7.327277093789916,0.055190654565820695,hbm-bound
naive,2,8,1.5,1.0,4096,24.85085033988359,24.815862042323214,7.740372347123249,0.060274927555048624,hbm-bound
naive,2,8,1.5,1.0,8192,28.43676065314345,28.40058004168384,8.566562853789915,0.06897243614708871,hbm-bound
naive,2,8,1.5,1.0,16384,33.86907956768787,33.83294780716095,10.218943867123249,0.0821483486229923,hbm-bound
naive,2,8,1.5,1.25,2048,23.442687010072703,23.410637767137523,9.96462090571341,0.056859473293758955,hbm-bound
naive,2,8,1.5,1.25,4096,25.5960968864142,25.562494760168306,10.377716159046743,0.0620824987644205,hbm-bound
naive,2,8,1.5,1.25,8192,29.42653098633908,29.390745540571917,11.203906665713411,0.07137309183144395,hbm-bound
naive,2,8,1.5,1.25,16384,35.61045574709888,35.57271011675493,12.856287679046744,0.08637199979084116,hbm-bound
efficient,1,2,0.5,0.75,2048,40.06358659160788,39.99825402341781,1.2527599875572126,0.09717292351678516,hbm-bound
efficient,1,2,0.5,0.75,4096,45.5537149998519,45.48281764475869,1.3127254275572127,0.11048905103551748,hbm-bound
efficient,1,2,0.5,0.75,8192,55.15519884509664,55.07653391606522,1.6581150012595105,0.11558707280605782,compute-bound
efficient,1,2,0.5,0.75,16384,70.2272177732287,70.14140336679009,2.3799795999692774,0.11970119600852705,compute-bound
efficient,1,2,0.5,1.0,2048,41.11753967559698,41.06523686338262,2.142123956546156,0.09972925237133172,hbm-bound
efficient,1,2,0.5,1.0,4096,47.75571532727394,47.696620703594206,2.282766120634313,0.11173631003536853,compute-bound
efficient,1,2,0.5,1.0,8192,60.00349389738149,59.93307392478174,2.9244235417096607,0.11555738859788918,compute-bound
efficient,1,2,0.5,1.0,16384,81.05887656975472,80.97264337118781,4.207738383860358,0.11970338242690746,compute-bound
efficient,1,2,0.5,1.25,2048,41.66326511111728,41.61995614114626,3.277397234770035,0.10105289162878371,hbm-bound
efficient,1,2,0.5,1.25,4096,48.912879752048,48.86294745153763,3.5449441317447365,0.1116895870571566,compute-bound
efficient,1,2,0.5,1.25,8192,62.65765820428741,62.59591132263191,4.547533852174968,0.11553934957847599,compute-bound
efficient,1,2,0.5,1.25,16384,87.47203935632213,87.391426102562,6.552713293035433,0.11970470595781484,compute-bound
efficient,1,2,1.0,0.75,2048,42.498215184537536,42.43724350724381,1.4242151275572128,0.10307803581898947,hbm-bound
efficient,1,2,1.0,0.75,4096,47.495001302383436,47.43214613568697,1.5514588498770807,0.1146545908624358,compute-bound
efficient,1,2,1.0,0.75,8192,55.47310376092644,55.4095495328015,2.032701915683592,0.11808669106920407,compute-bound
efficient,1,2,1.0,0.75,16384,66.35721807869545,66.29729039723956,2.9951880472966144,0.12164223559954607,compute-bound
efficient,1,2,1.0,1.0,2048,39.997329713164184,39.947836249547905,2.2021186765461556,0.09701221961757861,hbm-bound
efficient,1,2,1.0,1.0,4096,45.288591731472955,45.23544180612336,2.3220495565461556,0.10984600318901981,hbm-bound
efficient,1,2,1.0,1.0,8192,54.38491511922059,54.32705925147852,2.9244235417096607,0.11555738859788918,compute-bound
efficient,1,2,1.0,1.0,16384,68.27357357021626,68.21238765163011,4.207738383860358,0.11970338242690746,compute-bound
efficient,1,2,1.0,1.25,2048,40.91430425830086,40.87253760214316,3.3373919547700353,0.09923631149057308,hbm-bound
efficient,1,2,1.0,1.25,4096,47.21572933782968,47.16920031856985,3.5449441317447365,0.1116895870571566,compute-bound
efficient,1,2,1.0,1.25,8192,58.592129311882736,58.53813188766105,4.547533852174968,0.11553934957847599,compute-bound
efficient,1,2,1.0,1.25,16384,77.42514470366918,77.36197948968741,6.552713293035433,0.11970470595781484,compute-bound
efficient,1,2,1.5,0.75,2048,47.56500893097481,47.508063729863295,1.7071306875572125,0.11536737891292528,hbm-bound
efficient,1,2,1.5,0.75,4096,53.21524785699466,53.15760521718929,2.0600111458219876,0.11823337266387388,compute-bound
efficient,1,2,1.5,0.75,8192,61.80133644058504,61.745103488954676,2.781875744531755,0.12106644639989565,compute-bound
efficient,1,2,1.5,0.75,16384,72.72511889253502,72.67498734618887,4.225604941951289,0.12382873182568152,compute-bound
efficient,1,2,1.5,1.0,2048,45.1846676214396,45.13655095941684,2.559341183212822,0.1095939386472512,hbm-bound
efficient,1,2,1.5,1.0,4096,51.57209328787349,51.52077785120102,2.9608358485608557,0.11572456617529113,compute-bound
efficient,1,2,1.5,1.0,8192,62.12223369139147,62.067590709149286,3.923321980173878,0.11901846787281826,compute-bound
efficient,1,2,1.5,1.0,16384,77.25826445364227,77.20310446745978,5.848294243399924,0.12235369753869227,compute-bound
efficient,1,2,1.5,1.25,2048,42.91600062078525,42.87519256312813,3.5831540414367016,0.10409136077805417,hbm-bound
efficient,1,2,1.5,1.25,4096,49.37647982891396,49.33177113354332,3.9687377116988265,0.11355419963197917,compute-bound
efficient,1,2,1.5,1.25,8192,60.606057174525894,60.55596551090775,5.171845376215105,0.11718249464489995,compute-bound
efficient,1,2,1.5,1.25,16384,78.05906324223744,78.00412690473593,7.578060705247661,0.12098287360913176,compute-bound
efficient,1,4,0.5,0.75,2048,47.22832500709288,47.07608985145327,1.2655286841323246,0.11455076302882557,hbm-bound
efficient,1,4,0.5,0.75,4096,52.34143290179833,52.18032548190089,1.3254941241323244,0.12695243957990499,hbm-bound
efficient,1,4,0.5,0.75,8192,61.29490290171373,61.12184657988719,1.6746214419795509,0.12832129096819564,compute-bound
efficient,1,4,0.5,0.75,16384,75.37888211292302,75.1962786101625,2.396486040689318,0.12857130202604033,compute-bound
efficient,1,4,0.5,1.0,2048,48.57254910784878,48.4503751508386,2.1639329815685766,0.1178111347739637,hbm-bound
efficient,1,4,0.5,1.0,4096,54.94460871125661,54.810124548169895,2.313460134798978,0.12810717504735258,compute-bound
efficient,1,4,0.5,1.0,8192,66.71057641812595,66.55562908146281,2.9551175558743257,0.1283338885590582,compute-bound
efficient,1,4,0.5,1.0,16384,86.96556541487375,86.78228510893449,4.238432398025022,0.12858138226526694,compute-bound
efficient,1,4,0.5,1.25,2048,49.28193735021468,49.180612150999465,3.3106386363675684,0.11953173283528573,hbm-bound
efficient,1,4,0.5,1.25,4096,56.32451361792541,56.21076475405776,3.5941684326229986,0.12811565741953393,compute-bound
efficient,1,4,0.5,1.25,8192,69.68374100449867,69.5478386560521,4.596758153053231,0.1283415374988375,compute-bound
efficient,1,4,0.5,1.25,16384,93.82523034730036,93.65398981116618,6.601937593913693,0.12858748076595952,compute-bound
efficient,1,4,1.0,0.75,2048,48.78645224996239,48.647904707732046,1.4369838241323245,0.11832994987358235,hbm-bound
efficient,1,4,1.0,0.75,4096,53.25786838541714,53.11824265952331,1.567965290597121,0.1282648326624691,compute-bound
efficient,1,4,1.0,0.75,8192,60.40995745812835,60.27267565119633,2.0492083564036325,0.12847301167636332,compute-bound
efficient,1,4,1.0,0.75,16384,70.19268771965508,70.06672827045195,3.011694488016655,0.12868977833003006,compute-bound
efficient,1,4,1.0,1.0,2048,47.26221132962143,47.14653236479645,2.2239277015685768,0.11463295319968815,hbm-bound
efficient,1,4,1.0,1.0,4096,52.13250899501489,52.01142335641224,2.343858581568577,0.1264457014532953,hbm-bound
efficient,1,4,1.0,1.0,8192,60.51669030031643,60.38915255557706,2.9551175558743257,0.1283338885590582,compute-bound
efficient,1,4,1.0,1.0,16384,73.34626132551925,73.21584844859649,4.238432398025022,0.12858138226526694,compute-bound
efficient,1,4,1.0,1.25,2048,48.40475620359185,48.307002349408215,3.370633356367568,0.11740415855343146,hbm-bound
efficient,1,4,1.0,1.25,4096,54.38881004452267,54.28273788155117,3.5941684326229986,0.12811565741953393,compute-bound
efficient,1,4,1.0,1.25,8192,65.20261602924458,65.08361559185185,4.596758153053231,0.1283415374988375,compute-bound
efficient,1,4,1.0,1.25,16384,83.13370578391657,82.99923996180489,6.601937593913693,0.12858748076595952,compute-bound
efficient,1,4,1.5,0.75,2048,52.78124348291281,52.655949281807246,1.7198993841323245,0.1280191858099957,hbm-bound
efficient,1,4,1.5,0.75,4096,57.89956859084384,57.775111267960334,2.076517586542028,0.12848193204394162,compute-bound
efficient,1,4,1.5,0.75,8192,65.69125704044941,65.57249464570415,2.798382185251795,0.12865459856069178,compute-bound
efficient,1,4,1.5,0.75,16384,75.6286545285259,75.52490623880539,4.242111382671329,0.1288236394114829,compute-bound
efficient,1,4,1.5,1.0,2048,51.40028445847106,51.2918517260754,2.5811502082352438,0.12466971470473022,hbm-bound
efficient,1,4,1.5,1.0,4096,57.33227769780136,57.21919573810258,2.9915298627255207,0.12834383782533423,compute-bound
efficient,1,4,1.5,1.0,8192,67.1446164692387,67.0274221848573,3.9540159943385436,0.12854038811175922,compute-bound
efficient,1,4,1.5,1.0,16384,81.25364231464735,81.13835745153598,5.878988257564589,0.12874041778544032,compute-bound
efficient,1,4,1.5,1.25,2048,49.87901901439241,49.785120447463804,3.616395443034235,0.12097993495153288,hbm-bound
efficient,1,4,1.5,1.25,4096,55.95296924620257,55.852618807894736,4.0179620125770885,0.1282248906772359,compute-bound
efficient,1,4,1.5,1.25,8192,66.52340228336534,66.41440560912841,5.221069677093366,0.1284383641634661,compute-bound
efficient,1,4,1.5,1.25,16384,82.98409403626242,82.86816592322884,7.627285006125922,0.1286632746939305,compute-bound
efficient,1,8,0.5,0.75,2048,62.1594833893834,61.76135866793877,1.269738408628414,0.15076580104549786,hbm-bound
efficient,1,8,0.5,0.75,4096,66.5830555964205,66.1757125921142,1.329703848628414,0.16149503125963538,hbm-bound
efficient,1,8,0.5,0.75,8192,74.33228983273126,73.91494959255263,1.6567008659151305,0.1577565646205808,compute-bound
efficient,1,8,0.5,0.75,16384,86.53022768853674,86.11304314959172,2.3785654646248973,0.14907522525870423,compute-bound
efficient,1,8,0.5,1.0,2048,64.14234568931519,63.821323986557395,2.169635176228291,0.15557516892810153,hbm-bound
efficient,1,8,0.5,1.0,4096,70.07935678228579,69.7380084674762,2.282650734532963,0.16602487434503257,compute-bound
efficient,1,8,0.5,1.0,8192,81.04422201575443,80.66952217267936,2.9243081556083115,0.15793400060435359,compute-bound
efficient,1,8,0.5,1.0,16384,99.92684652448722,99.50746148643684,4.2076229977590085,0.14915534391528668,compute-bound
efficient,1,8,0.5,1.25,2048,65.21334520909755,64.94631559517538,3.317877915523372,0.1581728433570835,hbm-bound
efficient,1,8,0.5,1.25,4096,71.95800444758612,71.66856712843378,3.5470125587319963,0.1662077741969782,compute-bound
efficient,1,8,0.5,1.25,8192,84.75354494179041,84.42428346641017,4.549602279162228,0.1580416870678888,compute-bound
efficient,1,8,0.5,1.25,16384,107.88117507508595,107.48886290931593,6.554781720022691,0.149203798991738,compute-bound
efficient,1,8,1.0,0.75,2048,61.936737313979485,61.58696690243587,1.441193548628414,0.1502255376993944,hbm-bound
efficient,1,8,1.0,0.75,4096,65.38584628368304,65.04481694920244,1.561124428628414,0.15859123909129794,hbm-bound
efficient,1,8,1.0,0.75,8192,70.90597034353364,70.58518116255262,2.031287780339212,0.1524815065547713,compute-bound
efficient,1,8,1.0,0.75,16384,78.46291675042617,78.18233772514914,2.993773911952234,0.1449809373448896,compute-bound
efficient,1,8,1.0,1.0,2048,62.41640809030676,62.112389071476485,2.229629896228291,0.15138896353384157,hbm-bound
efficient,1,8,1.0,1.0,4096,66.50135576296537,66.19389721924365,2.3495607762282913,0.16129687097636874,hbm-bound
efficient,1,8,1.0,1.0,8192,73.53606819638249,73.22744663399897,2.9243081556083115,0.15793400060435359,compute-bound
efficient,1,8,1.0,1.0,16384,84.3068064426518,84.00809018943146,4.2076229977590085,0.14915534391528668,compute-bound
efficient,1,8,1.0,1.25,2048,64.05508472735593,63.79743761661578,3.3778726355233717,0.15536352030889766,hbm-bound
efficient,1,8,1.0,1.25,4096,69.49014320595158,69.2201812084345,3.5470125587319963,0.1662077741969782,compute-bound
efficient,1,8,1.0,1.25,8192,79.31388822000815,79.02546384593155,4.549602279162228,0.1580416870678888,compute-bound
efficient,1,8,1.0,1.25,16384,95.6090563971731,95.30079567063055,6.554781720022691,0.149203798991738,compute-bound
efficient,1,8,1.5,0.75,2048,63.76389471514228,63.462615078422814,1.7241091086284142,0.15465724842480189,hbm-bound
efficient,1,8,1.5,0.75,4096,67.8332284446474,67.54287437488945,2.058597010477608,0.15217200925709062,compute-bound
efficient,1,8,1.5,0.75,8192,74.0316393774206,73.76493579759482,2.7804616091873746,0.14619536094750768,compute-bound
efficient,1,8,1.5,0.75,16384,81.94333337430216,81.71913561689148,4.2241908066069085,0.14037009835589365,compute-bound
efficient,1,8,1.5,1.0,2048,64.45269286594994,64.18192545662139,2.586852402894958,0.15632790589012618,hbm-bound
efficient,1,8,1.5,1.0,4096,69.52378189663169,69.25062681235359,2.960720462459506,0.15758001756247753,compute-bound
efficient,1,8,1.5,1.0,8192,77.91526457458151,77.64424516701746,3.9232065940725294,0.15060555575272458,compute-bound
efficient,1,8,1.5,1.0,16384,89.98825443585007,89.7336376735137,5.848178857298573,0.14354372255690598,compute-bound
efficient,1,8,1.5,1.25,2048,64.46496597358077,64.22319020459116,3.6236347221900385,0.156357673912677,hbm-bound
efficient,1,8,1.5,1.25,4096,69.83748136145614,69.587900041709,3.9708061386860853,0.16225283434126864,compute-bound
efficient,1,8,1.5,1.25,8192,79.18964073752687,78.93101435925863,5.173913803202365,0.15455562070399143,compute-bound
efficient,1,8,1.5,1.25,16384,93.75932809964372,93.4981182471242,7.580129132234919,0.1464913403656255,compute-bound
efficient,2,2,0.5,0.75,2048,38.23262483925437,38.173122960740805,1.3127547075572126,0.09273198546155685,hbm-bound
efficient,2,2,0.5,0.75,4096,41.73945806348245,41.679928507486444,1.4326855875572126,0.10123769515144809,hbm-bound
efficient,2,2,0.5,0.75,8192,47.244368678356366,47.186639258106155,1.6725473475572128,0.11458967643057633,hbm-bound
efficient,2,2,0.5,0.75,16384,54.57319166026287,54.521356279430975,2.3799795999692774,0.11970119600852705,compute-bound
efficient,2,2,0.5,1.0,2048,39.997329713164184,39.947836249547905,2.2021186765461556,0.09701221961757861,hbm-bound
efficient,2,2,0.5,1.0,4096,45.288591731472955,45.23544180612336,2.3220495565461556,0.10984600318901981,hbm-bound
efficient,2,2,0.5,1.0,8192,54.38491511922059,54.32705925147852,2.9244235417096607,0.11555738859788918,compute-bound
efficient,2,2,0.5,1.0,16384,68.27357357021626,68.21238765163011,4.207738383860358,0.11970338242690746,compute-bound
efficient,2,2,0.5,1.25,2048,40.91430425830086,40.87253760214316,3.3373919547700353,0.09923631149057308,hbm-bound
efficient,2,2,0.5,1.25,4096,47.21572933782968,47.16920031856985,3.5449441317447365,0.1116895870571566,compute-bound
efficient,2,2,0.5,1.25,8192,58.592129311882736,58.53813188766105,4.547533852174968,0.11553934957847599,compute-bound
efficient,2,2,0.5,1.25,16384,77.42514470366918,77.36197948968741,6.552713293035433,0.11970470595781484,compute-bound
efficient,2,2,1.0,0.75,2048,39.195973274284135,39.14410305506693,1.5442045675572127,0.09506855569305904,hbm-bound
efficient,2,2,1.0,0.75,4096,41.10789801207551,41.060803205871174,1.7840663275572126,0.09970586683070362,hbm-bound
efficient,2,2,1.0,0.75,8192,43.71626991206342,43.676790454287946,2.2637898475572125,0.10603238786149793,hbm-bound
efficient,2,2,1.0,0.75,16384,46.6037452288662,46.57417807340555,3.2232368875572126,0.11303586513317725,hbm-bound
efficient,2,2,1.0,1.0,2048,37.930562382400865,37.886048837132755,2.322108116546156,0.09199934281734418,hbm-bound
efficient,2,2,1.0,1.0,4096,41.04745934344794,41.00379315129062,2.5619698765461556,0.09955927480977773,hbm-bound
efficient,2,2,1.0,1.0,8192,45.80650030392342,45.76544988366463,3.0416933965461554,0.11110217355170915,hbm-bound
efficient,2,2,1.0,1.0,16384,51.90102249095878,51.865656047577986,4.207738383860358,0.11970338242690746,compute-bound
efficient,2,2,1.0,1.25,2048,39.49436127388803,39.45544198094125,3.457381394770035,0.09579228606097148,hbm-bound
efficient,2,2,1.0,1.25,4096,44.151821334605565,44.11113247539434,3.6972431547700353,0.10708880364128685,hbm-bound
efficient,2,2,1.0,1.25,8192,51.862017280421114,51.81970764648866,4.547533852174968,0.11553934957847599,compute-bound
efficient,2,2,1.0,1.25,16384,62.96177316676272,62.919996478219836,6.552713293035433,0.11970470595781484,compute-bound
efficient,2,2,1.5,0.75,2048,43.02848154955139,42.98187535981677,1.8871148475572124,0.10436417960477347,hbm-bound
efficient,2,2,1.5,0.75,4096,44.69192010623137,44.651256577463485,2.246907487557212,0.10839879560884821,hbm-bound
efficient,2,2,1.5,0.75,8192,46.808291083191385,46.77602571719746,2.9664927675572126,0.11353198443623984,hbm-bound
efficient,2,2,1.5,0.75,16384,48.96700791697036,48.944275418663864,4.405663327557213,0.11876788175920046,hbm-bound
efficient,2,2,1.5,1.0,2048,42.215862011374405,42.173857588854126,2.739325343212822,0.10239319739999857,hbm-bound
efficient,2,2,1.5,1.0,4096,45.58336043304879,45.543266249849616,3.099117983212822,0.11056095506752614,hbm-bound
efficient,2,2,1.5,1.0,8192,50.41467260049946,50.378678927302836,3.923321980173878,0.11901846787281826,compute-bound
efficient,2,2,1.5,1.0,16384,56.1100570559264,56.080956548665206,5.848294243399924,0.12235369753869227,compute-bound
efficient,2,2,1.5,1.25,2048,40.86340517814577,40.82640564043467,3.7631382014367016,0.09911285743057084,hbm-bound
efficient,2,2,1.5,1.25,4096,45.06652849940105,45.02928124334502,4.122930841436702,0.10930739605716272,hbm-bound
efficient,2,2,1.5,1.25,8192,51.599055615024824,51.56274193620798,5.171845376215105,0.11718249464489995,compute-bound
efficient,2,2,1.5,1.25,16384,60.174191206272376,60.141539672170225,7.578060705247661,0.12098287360913176,compute-bound
efficient,2,4,0.5,0.75,2048,45.09071647748394,44.951929886881345,1.3255234041323245,0.10936606320966291,hbm-bound
efficient,2,4,0.5,0.75,4096,47.99754825981667,47.86203762217269,1.4454542841323246,0.11641648895761496,hbm-bound
efficient,2,4,0.5,0.75,8192,52.57007170166339,52.44272419277822,1.6853160441323243,0.12750699553713202,hbm-bound
efficient,2,4,0.5,0.75,16384,58.67561703008018,58.564914323053735,2.396486040689318,0.12857130202604033,compute-bound
efficient,2,4,0.5,1.0,2048,47.26221132962143,47.14653236479645,2.2239277015685768,0.11463295319968815,hbm-bound
efficient,2,4,0.5,1.0,4096,52.13250899501489,52.01142335641224,2.343858581568577,0.1264457014532953,hbm-bound
efficient,2,4,0.5,1.0,8192,60.51669030031643,60.38915255557706,2.9551175558743257,0.1283338885590582,compute-bound
efficient,2,4,0.5,1.0,16384,73.34626132551925,73.21584844859649,4.238432398025022,0.12858138226526694,compute-bound
efficient,2,4,0.5,1.25,2048,48.40475620359185,48.307002349408215,3.370633356367568,0.11740415855343146,hbm-bound
efficient,2,4,0.5,1.25,4096,54.38881004452267,54.28273788155117,3.5941684326229986,0.12811565741953393,compute-bound
efficient,2,4,0.5,1.25,8192,65.20261602924458,65.08361559185185,4.596758153053231,0.1283415374988375,compute-bound
efficient,2,4,0.5,1.25,16384,83.13370578391657,82.99923996180489,6.601937593913693,0.12858748076595952,compute-bound
efficient,2,4,1.0,0.75,2048,45.02668371705698,44.90864205015666,1.5569732641323244,0.10921075383621705,hbm-bound
efficient,2,4,1.0,0.75,4096,46.146673059225535,46.04180801822412,1.7968350241323245,0.11192725148270974,hbm-bound
efficient,2,4,1.0,0.75,8192,47.67862879685775,47.59307259702099,2.2765585441323246,0.11564296019450086,hbm-bound
efficient,2,4,1.0,0.75,16384,49.37990628432298,49.317535863776904,3.2360055841323243,0.11976935329194051,hbm-bound
efficient,2,4,1.0,1.0,2048,44.842771593450614,44.73862006885825,2.3439171415685767,0.10876468097451386,hbm-bound
efficient,2,4,1.0,1.0,4096,47.29167364610263,47.19200962019947,2.583778901568577,0.11470441308807106,hbm-bound
efficient,2,4,1.0,1.0,8192,51.039033830198406,50.94828591601252,3.063502421568577,0.12379351307981422,hbm-bound
efficient,2,4,1.0,1.0,16384,55.85259177952924,55.77693717105043,4.238432398025022,0.12858138226526694,compute-bound
efficient,2,4,1.0,1.25,2048,46.74085267432781,46.64969752081735,3.4906227963675684,0.11336841477350858,hbm-bound
efficient,2,4,1.0,1.25,4096,50.89087820399869,50.79799938652063,3.730484556367568,0.12343416643718733,hbm-bound
efficient,2,4,1.0,1.25,8192,57.77233083371043,57.678887434174115,4.596758153053231,0.1283415374988375,compute-bound
efficient,2,4,1.0,1.25,16384,67.70380679590276,67.61459665895741,6.601937593913693,0.12858748076595952,compute-bound
efficient,2,4,1.5,0.75,2048,47.7810487070977,47.6783462656098,1.8998835441323245,0.11589137634869578,hbm-bound
efficient,2,4,1.5,0.75,4096,48.6783692514939,48.59036765674141,2.2596761841323243,0.1180677980834617,hbm-bound
efficient,2,4,1.5,0.75,8192,49.82281699912165,49.75447147729257,2.9792614641323243,0.120843618795242,hbm-bound
efficient,2,4,1.5,0.75,16384,50.99340480274691,50.946216937740815,4.418432024132324,0.12368284136088185,hbm-bound
efficient,2,4,1.5,1.0,2048,48.04976406060581,47.95499390347626,2.761134368235244,0.11654313668060025,hbm-bound
efficient,2,4,1.5,1.0,4096,50.72117543141256,50.63264912567197,3.1209270082352436,0.12302255789326948,hbm-bound
efficient,2,4,1.5,1.0,8192,54.56239514068127,54.4849823083428,3.9540159943385436,0.12854038811175922,compute-bound
efficient,2,4,1.5,1.0,16384,59.103640014596124,59.042618486788356,5.878988257564589,0.12874041778544032,compute-bound
efficient,2,4,1.5,1.25,2048,47.514283588105144,47.42906971790278,3.796379603034235,0.11524434624704633,hbm-bound
efficient,2,4,1.5,1.25,4096,51.108034952755695,51.02429767978834,4.156172243034234,0.12396087305367728,hbm-bound
efficient,2,4,1.5,1.25,8192,56.704393801480975,56.62517964378554,5.221069677093366,0.1284383641634661,compute-bound
efficient,2,4,1.5,1.25,16384,64.07088507526765,64.0017563102681,7.627285006125922,0.1286632746939305,compute-bound
efficient,2,8,0.5,0.75,2048,59.35498019923024,58.99186519027664,1.3297331286284142,0.14396356996276155,hbm-bound
efficient,2,8,0.5,0.75,4096,61.07328646709472,60.73039607339912,1.449664008628414,0.14813126581205388,hbm-bound
efficient,2,8,0.5,0.75,8192,63.778055831298204,63.47057068258934,1.689525768628414,0.1546915957504959,hbm-bound
efficient,2,8,0.5,0.75,16384,67.39313761971336,67.13980729020314,2.3785654646248973,0.14907522525870423,compute-bound
efficient,2,8,0.5,1.0,2048,62.41640809030676,62.112389071476485,2.229629896228291,0.15138896353384157,hbm-bound
efficient,2,8,0.5,1.0,4096,66.50135576296537,66.19389721924365,2.3495607762282913,0.16129687097636874,hbm-bound
efficient,2,8,0.5,1.0,8192,73.53606819638249,73.22744663399897,2.9243081556083115,0.15793400060435359,compute-bound
efficient,2,8,0.5,1.0,16384,84.3068064426518,84.00809018943146,4.2076229977590085,0.14915534391528668,compute-bound
efficient,2,8,0.5,1.25,2048,64.05508472735593,63.79743761661578,3.3778726355233717,0.15536352030889766,hbm-bound
efficient,2,8,0.5,1.25,4096,69.49014320595158,69.2201812084345,3.5470125587319963,0.1662077741969782,compute-bound
efficient,2,8,0.5,1.25,8192,79.31388822000815,79.02546384593155,4.549602279162228,0.1580416870678888,compute-bound
efficient,2,8,0.5,1.25,16384,95.6090563971731,95.30079567063055,6.554781720022691,0.149203798991738,compute-bound
efficient,2,8,1.0,0.75,2048,57.176402055483805,56.87820139184908,1.561182988628414,0.138679499679799,hbm-bound
efficient,2,8,1.0,0.75,4096,56.675683376404486,56.41928243450297,1.8010447486284142,0.1374650228432246,hbm-bound
efficient,2,8,1.0,0.75,8192,55.99020077423094,55.789988053412856,2.280768268628414,0.1358024071330513,hbm-bound
efficient,2,8,1.0,0.75,16384,55.22816200623106,55.08900418714696,3.2402153086284136,0.13395410693780146,hbm-bound
efficient,2,8,1.0,1.0,2048,59.22895140824287,58.95512247388256,2.349619336228291,0.14365789123777958,hbm-bound
efficient,2,8,1.0,1.0,4096,60.339879404507386,60.08664627759117,2.5894810962282913,0.1463524108851114,hbm-bound
efficient,2,8,1.0,1.0,8192,62.040813833824224,61.82099472442406,3.0692046162282915,0.15047797190619316,hbm-bound
efficient,2,8,1.0,1.0,16384,64.22742013612411,64.05390347512505,4.2076229977590085,0.14915534391528668,compute-bound
efficient,2,8,1.0,1.25,2048,61.857761453985304,61.6174544753731,3.497862075523372,0.150033984324977,hbm-bound
efficient,2,8,1.0,1.25,4096,65.02964849621249,64.7931723468815,3.7377238355233713,0.15772729296706417,hbm-bound
efficient,2,8,1.0,1.25,8192,70.29104120966042,70.06441343656338,4.549602279162228,0.1580416870678888,compute-bound
efficient,2,8,1.0,1.25,16384,77.88850465033204,77.68380058393998,6.554781720022691,0.149203798991738,compute-bound
efficient,2,8,1.5,0.75,2048,57.73662114734051,57.48949605458395,1.9040932686284142,0.1400382928283145,hbm-bound
efficient,2,8,1.5,0.75,4096,57.05006365724899,56.84454520468685,2.263885908628414,0.13837307001252913,hbm-bound
efficient,2,8,1.5,0.75,8192,56.17372236701475,56.02003502870352,2.983471188628414,0.13624753277497262,hbm-bound
efficient,2,8,1.5,0.75,16384,55.27654967663084,55.17443863104195,4.422641748628413,0.13407146965529462,hbm-bound
efficient,2,8,1.5,1.0,2048,60.26001161372652,60.023260856193055,2.766836562894958,0.14615869416164087,hbm-bound
efficient,2,8,1.5,1.0,4096,61.521473219539835,61.307483746276084,3.126629202894958,0.14921832817270905,hbm-bound
efficient,2,8,1.5,1.0,8192,63.33637881524932,63.157176134216506,3.9232065940725294,0.15060555575272458,compute-bound
efficient,2,8,1.5,1.0,16384,65.48363461212676,65.34870240167129,5.848178857298573,0.14354372255690598,compute-bound
efficient,2,8,1.5,1.25,2048,61.41453607785396,61.19506126358114,3.8036188821900385,0.14895895562086864,hbm-bound
efficient,2,8,1.5,1.25,4096,63.80081018917401,63.59244675523704,4.163411522190038,0.15474678570390865,hbm-bound
efficient,2,8,1.5,1.25,8192,67.51839495753894,67.3302947016081,5.173913803202365,0.15455562070399143,compute-bound
efficient,2,8,1.5,1.25,16384,72.41476494353284,72.25884905917634,7.580129132234919,0.1464913403656255,compute-bound
